{"cameraMode":{"drawMode":0,"name":"Shaded","section":"Shading Mode"},"sceneLighting":false,"audioPlay":false,"sceneViewState":{"showFog":true,"showMaterialUpdate":false,"showSkybox":false,"showFlares":true,"showImageEffects":true,"showParticleSystems":true},"in2DMode":false,"pivot":{"x":30.968692779541017,"y":1.5504283905029297,"z":37.86232376098633},"rotation":{"x":-0.45165953040122988,"y":-0.325994610786438,"z":0.1816243678331375,"w":-0.8104749321937561},"size":0.6803951263427734,"orthographic":false}