{"cameraMode":{"drawMode":0,"name":"Shaded","section":"Shading Mode"},"sceneLighting":true,"audioPlay":false,"sceneViewState":{"showFog":true,"showMaterialUpdate":true,"showSkybox":true,"showFlares":true,"showImageEffects":true,"showParticleSystems":true},"in2DMode":false,"pivot":{"x":11.379129409790039,"y":9.817485809326172,"z":26.872901916503908},"rotation":{"x":0.33815085887908938,"y":0.015527047216892243,"z":-0.0055800010450184349,"w":0.940947949886322},"size":8.915395736694336,"orthographic":false}