{"cameraMode":{"drawMode":0,"name":"Shaded","section":"Shading Mode"},"sceneLighting":true,"audioPlay":false,"sceneViewState":{"showFog":true,"showMaterialUpdate":true,"showSkybox":true,"showFlares":true,"showImageEffects":true,"showParticleSystems":true},"in2DMode":false,"pivot":{"x":41.91524124145508,"y":-20.326107025146486,"z":52.05659103393555},"rotation":{"x":0.27881139516830447,"y":0.6436895728111267,"z":-0.2725277841091156,"w":0.6585334539413452},"size":51.7191162109375,"orthographic":false}