{"cameraMode":{"drawMode":0,"name":"Shaded","section":"Shading Mode"},"sceneLighting":true,"audioPlay":false,"sceneViewState":{"showFog":true,"showMaterialUpdate":true,"showSkybox":true,"showFlares":true,"showImageEffects":true,"showParticleSystems":true},"in2DMode":false,"pivot":{"x":29.05512237548828,"y":1.7462444305419922,"z":30.233919143676759},"rotation":{"x":0.39123857021331789,"y":0.009662773460149765,"z":-0.004108165856450796,"w":0.9202304482460022},"size":1.5793882608413697,"orthographic":false}