{"cameraMode":{"drawMode":0,"name":"Shaded","section":"Shading Mode"},"sceneLighting":true,"audioPlay":false,"sceneViewState":{"showFog":true,"showMaterialUpdate":true,"showSkybox":true,"showFlares":true,"showImageEffects":true,"showParticleSystems":true},"in2DMode":false,"pivot":{"x":24.400413513183595,"y":10.750751495361329,"z":17.30320167541504},"rotation":{"x":0.39123857021331789,"y":0.009662773460149765,"z":-0.004108165856450796,"w":0.9202304482460022},"size":9.242391586303711,"orthographic":false}