{"cameraMode":{"drawMode":0,"name":"Shaded","section":"Shading Mode"},"sceneLighting":true,"audioPlay":false,"sceneViewState":{"showFog":true,"showMaterialUpdate":true,"showSkybox":true,"showFlares":true,"showImageEffects":true,"showParticleSystems":true},"in2DMode":false,"pivot":{"x":20.510000228881837,"y":2.0,"z":8.299999237060547},"rotation":{"x":0.39123857021331789,"y":0.009662773460149765,"z":-0.004108165856450796,"w":0.9202304482460022},"size":17.64828109741211,"orthographic":false}