{"cameraMode":{"drawMode":0,"name":"Shaded","section":"Shading Mode"},"sceneLighting":true,"audioPlay":false,"sceneViewState":{"showFog":true,"showMaterialUpdate":true,"showSkybox":true,"showFlares":true,"showImageEffects":true,"showParticleSystems":true},"in2DMode":false,"pivot":{"x":21.00303840637207,"y":-2.7313530445098879,"z":32.989681243896487},"rotation":{"x":0.17569172382354737,"y":0.5669544339179993,"z":-0.12529361248016358,"w":0.794994592666626},"size":12.025459289550782,"orthographic":false}